Workbook
Name Slicer_Product: #N/A
Name Slicer_Region: #N/A

Sheet Sales_Data
A1: Order_ID | B1: Customer | C1: Region | D1: Product | E1: Units | F1: Unit_price | G1: Salesperson | H1: Total_Sales | I1: Performance
A2: 1001 | B2: David | C2: West | D2: Laptop | E2: 2 | F2: 450000 | G2: Sarah | H2: =E2*F2 -> 900000 | I2: =IF(H2>200000,"High","Low") -> High | J2: =VLOOKUP(G2,Salesperson_Bonus!A:B,2,FALSE) -> 50000
A3: 1002 | B3: Grace | C3: East | D3: Mouse | E3: 5 | F3: 15000 | G3: John | H3: =E3*F3 -> 75000 | I3: =IF(H3>200000,"High","Low") -> Low | J3: =VLOOKUP(G3,Salesperson_Bonus!A:B,2,FALSE) -> 40000
A4: 1003 | B4: Daniel | C4: North | D4: Keyboard | E4: 3 | F4: 25000 | G4: Sarah | H4: =E4*F4 -> 75000 | I4: =IF(H4>200000,"High","Low") -> Low | J4: =VLOOKUP(G4,Salesperson_Bonus!A:B,2,FALSE) -> 50000
A5: 1004 | B5: Esther | C5: West | D5: Monitor | E5: 1 | F5: 120000 | G5: Mike | H5: =E5*F5 -> 120000 | I5: =IF(H5>200000,"High","Low") -> Low | J5: =VLOOKUP(G5,Salesperson_Bonus!A:B,2,FALSE) -> 30000
A6: 1005 | B6: James | C6: South | D6: Laptop | E6: 1 | F6: 450000 | G6: John | H6: =E6*F6 -> 450000 | I6: =IF(H6>200000,"High","Low") -> High | J6: =VLOOKUP(G6,Salesperson_Bonus!A:B,2,FALSE) -> 40000
A7: 1006 | B7: Ruth | C7: East | D7: Mouse | E7: 4 | F7: 15000 | G7: Sarah | H7: =E7*F7 -> 60000 | I7: =IF(H7>200000,"High","Low") -> Low | J7: =VLOOKUP(G7,Salesperson_Bonus!A:B,2,FALSE) -> 50000
A8: 1007 | B8: Samuel | C8: North | D8: Keyboard | E8: 2 | F8: 25000 | G8: Mike | H8: =E8*F8 -> 50000 | I8: =IF(H8>200000,"High","Low") -> Low | J8: =VLOOKUP(G8,Salesperson_Bonus!A:B,2,FALSE) -> 30000
A9: 1008 | B9: Joy | C9: South | D9: Monitor | E9: 2 | F9: 120000 | G9: Sarah | H9: =E9*F9 -> 240000 | I9: =IF(H9>200000,"High","Low") -> High | J9: =VLOOKUP(G9,Salesperson_Bonus!A:B,2,FALSE) -> 50000
A10: 1009 | B10: Michael | C10: West | D10: Laptop | E10: 1 | F10: 450000 | G10: John | H10: =E10*F10 -> 450000 | I10: =IF(H10>200000,"High","Low") -> High | J10: =VLOOKUP(G10,Salesperson_Bonus!A:B,2,FALSE) -> 40000
A11: 1010 | B11: Peace | C11: East | D11: Mouse | E11: 6 | F11: 15000 | G11: Mike | H11: =E11*F11 -> 90000 | I11: =IF(H11>200000,"High","Low") -> Low | J11: =VLOOKUP(G11,Salesperson_Bonus!A:B,2,FALSE) -> 30000

Sheet Salesperson_Bonus
A1: Salesperson_Bonus | B1: Bonus
A2: Sarah | B2: 50000
A3: John | B3: 40000
A4: Mike | B4: 30000

Sheet Pivot_Table
A1: Row Labels | B1: Sum of Total_Sales
A2: Laptop | B2: 1800000
A3: Monitor | B3: 360000
A4: Mouse | B4: 225000
A5: Keyboard | B5: 125000
A6: Grand Total | B6: 2510000
A20: Row Labels | B20: Regional Performance
A21: West | B21: 0.58565737
A22: South | B22: 0.2749004
A23: East | B23: 0.089641434
A24: North | B24: 0.049800797
A25: Grand Total | B25: 1
A36: Row Labels | B36: Sum of Total_Sales
A37: Sarah | B37: 1275000
A38: John | B38: 975000
A39: Mike | B39: 260000
A40: Grand Total | B40: 2510000
A50: Row Labels | B50: Count of Units
A51: John | B51: 3
A52: Mike | B52: 3
A53: Sarah | B53: 4
A54: Grand Total | B54: 10

Sheet Dashboard
A1: Sales Dashboard
O3: Total Revenue 2510000
O4: Average Transaction 251000
O5: Highest Transaction 900000
O6: Unit Count 27
O7: Transaction Count 10
